<?xml version="1.0" encoding="UTF-8" standalone="yes"?>
<addon id="repository.4SmartTVBoxTest" name="4SmartTVBoxTest's Repo" version="1.1" provider-name="4SmartTVBoxTest">
	<extension point="xbmc.addon.repository" name="4SmartTVBoxTest's Repo">
		<info compressed="false">http://4SmartTVBox.com/repositorytest/addons.xml</info>
		<checksum>http://4SmartTVBox.com/repositorytest/addons.xml.md5</checksum>
		<datadir zip="true">http://4SmartTVBox.com/repositorytest/</datadir>
	</extension>
	<extension point="xbmc.addon.metadata">
		<summary>Install 4SmartTVboxTest Addons</summary>
		<description>4SmartTVboxTest repo</description>
		<disclaimer></disclaimer>
		<platform>all</platform>
	</extension>
</addon>
