<?xml version="1.0" encoding="UTF-8" standalone="yes"?>
<addon
  id="plugin.video.4SmartHTVonline"
  version="0.0.6"
  name="[COLOR ffff0000]H[/COLOR][COLOR ff32cd32]T[/COLOR][COLOR ff0000ff]V[/COLOR][COLOR ffffffff]online[/COLOR]"
  provider-name="4SmartTVBox">
  <requires>       		
  </requires>
  <extension point="xbmc.python.pluginsource"
            library="htvonline.py">
        <provides>video</provides>
  </extension>
  <extension point="xbmc.addon.metadata">
    <summary>Watch liveTV</summary>
    <description>Watch liveTV</description>
    <platform>all</platform>
  </extension>
</addon>